when	what	why	evidence	result
2026-10-03	Final engine pass: viability fallback, urgent-save retry, phone special-food only, heirloom text	Verifier findings 6, 8, 9 and the user's "only special food" call	scratchpad/verify-engine.md	done: engine a1cb726, 253/254 pass (1 skip), 39/39 mutants red, goldens unchanged
2026-10-03	Learning-depth survey (read-only)	User asked what he can learn and "do you have depth"	-	done: no depth today; foresee boredom pump, nightly starvation, zero heirlooms per natural life; 10 proposals
2026-10-03	E2E learning experiments on branch e2e, control vs treatment across 20+ seeds, no engine tuning in the pass	User: "Was the behavior clearly modified by the external stimuli?"	-	done: 3 of 11 clearly modified; root cause linear nightly forgetting (brain.cpp:94) plus 7 more; verified e2e touches no engine code
2026-10-03	Showcase videos on branch video via tools/sim_video.sh	User: "Send me videos of grungo when you get them in"	-	done: 9 clips + 61s reel sent; branch video; found 4 balance bugs (routed to depth) and 3 visual gaps (queued)
2026-10-03	Overnight: if e2e shows weak learning, build top depth proposals on their own branch and rerun e2e; no hardware work	User asleep; reversible branch work; unit 20 needs the board	-	triggered by survey verdict: depth branch started
2026-10-03	Art round 2: derp, learned-state faces (disgust, anticipation, wary, content), stages; candidates only	User: "You can generate new variants using comfyui"; repo requires a human pick and the user is asleep	-	done: 48 numbered candidates sent to the user for picks; ComfyUI left running on 8188; tooling b5d7328
2026-10-03	Depth pass on branch depth: rebalance, learned heirlooms, rot and tilt situations, cue-trick, time anticipation; measured with the learnsim driver	Survey verdict "no depth"; overnight plan; reversible branch	scratchpad/learning-depth.md	running
2026-10-03	No GitHub issues filed for the survey balance defects	The depth branch fixes them now; issues would be redundant	scratchpad/learning-depth.md	decided
2026-10-03	Routed video-agent balance bugs (fast injury death, nightly hunger, adults cannot eat pellets, constant foresee) to the depth pass; visual gaps (elder, hatch swap, gen number) queued for a later pass	Behaviour belongs with the balance work; visuals are disjoint	video agent report	decided
2026-10-03	Centering fix on branch visual-center: root-cause the right offset, centre at rest, add a centring test, re-render goldens	User: "Grungo should be centered in the middle of the screen"	-	running
2026-10-03	Sick and angry face candidates (art); thought-marquee registry on branch thoughts	User asked for sick and angry faces and "Is there a marquee for his thoughts?" (none existed: only TAP ME, 10 faces)	git grep origin/engine draw.cpp:50, expressions.def	running
2026-10-03	Alife v2: docs (creature.md), 3-runner design bakeoff, visual variety kit, 5 aspirational stories, 8-ball prophecies with genetic voice in thoughts	User direction-change message plus follow-ups	user-asks 16-21	running
2026-10-03	thoughts keeps a starter oracle gene (voice, topics, chance); merge order depth -> visual-center -> thoughts; re-bless as one regenerable commit	Heritable voice and prophecy is the user ask; depth re-blesses hashes anyway; one isolated re-bless avoids conflict churn	thoughts agent message	decided
2026-10-03	Unit 20 hardware bring-up on branch hw and first flash; full flash backup first; flashes engine only	User: "Ok I plugged a device in. Flash it with what you have so far"; engine badge env was gated by #error until unit 20	-	running
2026-10-03	Dialogue generator on branch dialogue: Ollama base model, notebook-continuation prompts, per-voice word clouds, hybrid blends, filtered to the marquee glyphs, generated table	User ask 22	-	running
2026-10-03	Sprite space: 54 KB art, 842 KB firmware, 2.3 MB free in app slot; reserve 2 MiB art partition in the first-flash table; 16MB flash size and gnu++11 unflag sent to the hw agent	Partition table is fixed by the first cable flash	scratchpad/sprite-space.md	decided
2026-10-03	Flashed blorbarium 42c2e13 to the 1.28 badge after a verified backup (D:/projects/bak/blorbarium); PSRAM 2 MB measured; IMU read bug in progress	User: "Flash it", confirmed overwriting the cyber-puck badge	hw agent serial log	done (IMU pending)
2026-10-03	v2 synthesis started: the three candidates converged on a prediction table; consensus shape plus grafts; stories as input	Arena convergence rule	design/v2/candidate-*	running
2026-10-03	Art picks: foresee_open 4, angry 4 (sick pending); elder round 2 with strong age cues plus procedural ageing in the renderer	User picks and "None of the elders look old"	-	running
2026-10-03	Demo deadline (~1 h): hw agent integrates at T+35 (centering, teal face, scaling, foresee fix, marble, rotation, marquee, prophecy if green), final flash at T+45, fallback image kept	User: "we have like an hour to get this done"	-	running
2026-10-03	GIFT, not demo: keep the current adult d30f00d1; power-cut x20 test, TAP ME marquee off (no website or battery), 10-min soak; no OTA yet, so fixes need a cable	User: giving it to a friend; chose the current adult	-	running
2026-10-03	Minimal BLE (NUS: STATE, TIME, NAME) on the gift firmware, gated on power-cut and soak passing; one-page Web Bluetooth site under web/ deployed to Cloudflare	User chose "Minimal BLE + site now"; the website had been scoped out at the start (my miss)	-	running
2026-10-03	v2 synthesis done (base B, 13-unit core); its cross-judge ran on Fable against the user rule, so re-run on Opus after the gift; 5 v2 questions deferred until after handover	Gift deadline first	design/v2/final	done (judge re-run pending)
2026-10-03	Gift build 2431fea flashed (pet preserved): centring, teal open-mouth foresee, scaling, ported marquee, rotation, tap-me off. Second flash planned: marble, 8-ball, minTicks 25, BLE, gated on suites, power-cut x20 and soak. The BLE delegate force-pushed its own hw-ble branch and was stopped by the classifier; disclosed to the user	User gift deadline; the site needs BLE	hw agent report	in progress
